"","name","phone","is_closed","rating","distance","review_count","price","city","state","zipcode","latitude","longitude","price_2","is_open"
"1","Burger & Lobster","+16468337532",FALSE,4,3860.92323061169,3915,"$$","New York","NY","10011",40.74016,-73.993372,2,1
"2","Joe's Shanghai","+12122338888",FALSE,4,1066.50854988104,4716,"$$","New York","NY","10011",40.74016,-73.993372,2,1
"3","Upstate","+16467915400",FALSE,4.5,2411.91871787036,1467,"$$","New York","NY","10011",40.74016,-73.993372,2,1
"4","Amélie","+12125332962",FALSE,4.5,3036.04935577211,1844,"$$","New York","NY","10011",40.74016,-73.993372,2,1
"5","Tasty Hand-Pulled Noodles","+12127911817",FALSE,4,1020.19598802782,1284,"$$","New York","NY","10011",40.74016,-73.993372,2,1
"6","Jacob's Pickles","+12124705566",FALSE,4,9166.96473780151,2644,"$$","New York","NY","10011",40.74016,-73.993372,2,1
"7","Jack's Wife Freda","+12125108550",FALSE,4,1876.74644543863,1357,"$$","New York","NY","10011",40.74016,-73.993372,2,1
"8","Soco","+17187831936",FALSE,4,2819.75108249311,1615,"$$","New York","NY","10011",40.74016,-73.993372,2,1
"9","Root & Bone","+16466827080",FALSE,4,2129.53785973032,1202,"$$","New York","NY","10011",40.74016,-73.993372,2,1
"10","Jane","+12122547000",FALSE,4,2489.08915836721,2762,"$$","New York","NY","10011",40.74016,-73.993372,2,1
"11","Ippudo East Village","+12123880088",FALSE,4,2855.55521950748,9041,"$$","New York","NY","10011",40.74016,-73.993372,2,1
"12","Thursday Kitchen","+16467558088",FALSE,4.5,2613.7820905318,683,"$$","New York","NY","10011",40.74016,-73.993372,2,1
"13","SaltBrick Tavern","+13474179112",FALSE,4.5,1397.00223746576,19,"$$","New York","NY","10011",40.74016,-73.993372,2,1
"14","Brooklyn Label","+13476894072",FALSE,5,4227.68999709189,6,"$$","New York","NY","10011",40.74016,-73.993372,2,1
"15","Thai Villa","+12128029999",FALSE,4.5,3744.57039979745,998,"$$","New York","NY","10011",40.74016,-73.993372,2,1
"16","Pies-n-Thighs","+13475296090",FALSE,4,2843.26969046872,2396,"$$","New York","NY","10011",40.74016,-73.993372,2,1
"17","Bea","+12126021910",FALSE,4,5979.21037110754,1553,"$$","New York","NY","10011",40.74016,-73.993372,2,1
"18","Ginger and Lemongrass","+16468761237",FALSE,4.5,1684.91029497814,25,"$$","New York","NY","10011",40.74016,-73.993372,2,1
"19","Nyonya","+12123343669",FALSE,4,1524.98583315547,1698,"$$","New York","NY","10011",40.74016,-73.993372,2,1
"20","The Smith","+12126442700",FALSE,4,5960.16818305823,1738,"$$","New York","NY","10011",40.74016,-73.993372,2,1
"21","Cafe Habana","+12126252001",FALSE,4,1951.84463473415,2952,"$$","New York","NY","10011",40.74016,-73.993372,2,1
"22","Yaso Tangbao","+19293377599",FALSE,4,1654.66544355237,499,"$$","New York","NY","10011",40.74016,-73.993372,2,1
"23","Shanghai Asian Manor","+12127666311",FALSE,4,1072.46534019656,1193,"$$","New York","NY","10011",40.74016,-73.993372,2,1
"24","Celestine","+17185225356",FALSE,4.5,544.339251064734,23,"$$","New York","NY","10011",40.74016,-73.993372,2,1
"25","Luke's Lobster FiDi","+12127471700",FALSE,4.5,1392.70339871335,869,"$$","New York","NY","10011",40.74016,-73.993372,2,1
"26","Sugar Freak","+17186061900",FALSE,4,9321.07223118187,1244,"$$","New York","NY","10011",40.74016,-73.993372,2,1
"27","The Boil","+12129258815",FALSE,4.5,1591.78160846383,1529,"$$","New York","NY","10011",40.74016,-73.993372,2,1
"28","The Osprey","+13476962505",FALSE,5,388.702828196534,3,"$$","New York","NY","10011",40.74016,-73.993372,2,1
"29","Breakroom","+12122272802",FALSE,4.5,1338.11494254309,1284,"$$","New York","NY","10011",40.74016,-73.993372,2,1
"30","Atrium Dumbo","+17188581095",FALSE,4,373.16188709882,486,"$$","New York","NY","10011",40.74016,-73.993372,2,1
"31","Juliana's Pizza","+17185966700",FALSE,4.5,323.20506300743,1481,"$$","New York","NY","10011",40.74016,-73.993372,2,1
"32","Buddakan","+12129896699",FALSE,4,4183.12441597337,3281,"$$","New York","NY","10011",40.74016,-73.993372,2,1
"33","Lam Zhou Handmade Noodle & Dumpling","+16466457288",FALSE,4,1148.23104847953,1225,"$$","New York","NY","10011",40.74016,-73.993372,2,1
"34","Luke's Lobster Brooklyn Bridge Park-DUMBO","+19178827516",FALSE,4,217.582179142494,212,"$$","New York","NY","10011",40.74016,-73.993372,2,1
"35","Pig and Khao","+12129204485",FALSE,4,1733.0778315221,1135,"$$","New York","NY","10011",40.74016,-73.993372,2,1
"36","Buttermilk Channel","+17188528490",FALSE,4,3307.61995993124,1610,"$$","New York","NY","10011",40.74016,-73.993372,2,1
"37","Noodle Village","+12122330788",FALSE,4,1041.68781992248,728,"$$","New York","NY","10011",40.74016,-73.993372,2,1
"38","Szechuan Mountain House","+19173883866",FALSE,4,2686.63414732475,31,"$$","New York","NY","10011",40.74016,-73.993372,2,1
"39","Hometown Bar-B-Que","+13472944644",FALSE,4,3862.74177386818,908,"$$","New York","NY","10011",40.74016,-73.993372,2,1
"40","Hole in the Wall","+12126029991",FALSE,4.5,1015.04811572617,178,"$$","New York","NY","10011",40.74016,-73.993372,2,1
"41","Peaches HotHouse","+17184839111",FALSE,4,4915.41978952538,894,"$$","New York","NY","10011",40.74016,-73.993372,2,1
"42","Suspenders","+12127325005",FALSE,4,1664.79213406976,135,"$$","New York","NY","10011",40.74016,-73.993372,2,1
"43","Tacos Project","+17184866222",FALSE,4.5,4515.96541848514,17,"$$","New York","NY","10011",40.74016,-73.993372,2,1
"44","Fishmarket Restaurant","+19173638101",FALSE,4.5,664.732518563628,395,"$$","New York","NY","10011",40.74016,-73.993372,2,1
"45","Grimaldi's","+17188584300",FALSE,3.5,331.65592299899,4169,"$$","New York","NY","10011",40.74016,-73.993372,2,1
"46","Sweet Chick","+16466570233",FALSE,4,1901.54562971421,1102,"$$","New York","NY","10011",40.74016,-73.993372,2,1
"47","Tanner Smiths","+16465902034",FALSE,4.5,6634.03824462159,879,"$$","New York","NY","10011",40.74016,-73.993372,2,1
"48","Ippudo Westside","+12129742500",FALSE,4,6492.94057034527,2897,"$$","New York","NY","10011",40.74016,-73.993372,2,1
"49","Uglyduckling","+17184513825",FALSE,4,2174.28388165897,289,"$$","New York","NY","10011",40.74016,-73.993372,2,1
"50","Up Thai","+12122561188",FALSE,4.5,7801.49067826262,1456,"$$","New York","NY","10011",40.74016,-73.993372,2,1
"51","République","+13103626115",FALSE,4,2074.10018606326,3179,"$$","Los Angeles","CA","90036",34.06415,-118.34367,2,1
"52","Gogobop Korean Rice Bar","+12133851089",FALSE,5,1986.44582067597,74,"$$","Los Angeles","CA","90036",34.06415,-118.34367,2,1
"53","The Morrison","+13236671839",FALSE,4.5,8440.75208751216,3119,"$$","Los Angeles","CA","90036",34.06415,-118.34367,2,1
"54","Bestia","+12135145724",FALSE,4.5,9035.92705784309,4332,"$$","Los Angeles","CA","90036",34.06415,-118.34367,2,1
"55","Howlin' Ray's","+12139358399",FALSE,4.5,7537.62540653538,2317,"$$","Los Angeles","CA","90036",34.06415,-118.34367,2,1
"56","Mimimyunga","+12133893464",FALSE,4.5,1240.3152887835,42,"$$","Los Angeles","CA","90036",34.06415,-118.34367,2,1
"57","Pine & Crane","+13236681128",FALSE,4.5,5194.41610313046,1493,"$$","Los Angeles","CA","90036",34.06415,-118.34367,2,1
"58","Faith & Flower","+12132390642",FALSE,4,5757.49363834132,1725,"$$","Los Angeles","CA","90036",34.06415,-118.34367,2,1
"59","BROKEN MOUTH | Lee's Homestyle","+12134189588",FALSE,5,6706.2647483816,57,"$$","Los Angeles","CA","90036",34.06415,-118.34367,2,1
"60","Komodo","+13102465153",FALSE,4.5,5814.89321253619,1595,"$$","Los Angeles","CA","90036",34.06415,-118.34367,2,1
"61","Marugame Monzo","+12133469762",FALSE,4.5,7607.6466114157,2528,"$$","Los Angeles","CA","90036",34.06415,-118.34367,2,1
"62","Bottega Louie","+12138021470",FALSE,4,6186.44053845325,14063,"$$","Los Angeles","CA","90036",34.06415,-118.34367,2,1
"63","Slurpin' Ramen Bar","+12133888607",FALSE,4.5,1425.70256908338,1995,"$$","Los Angeles","CA","90036",34.06415,-118.34367,2,1
"64","Kopan Ramen - Los Angeles","+12135683548",FALSE,4.5,1090.95172497413,57,"$$","Los Angeles","CA","90036",34.06415,-118.34367,2,1
"65","Yup Dduk La","+12132632355",FALSE,4.5,1923.7487100656,948,"$$","Los Angeles","CA","90036",34.06415,-118.34367,2,1
"66","My Two Cents","+13238799881",FALSE,4.5,3752.55568915332,229,"$$","Los Angeles","CA","90036",34.06415,-118.34367,2,1
"67","Providence","+13234604170",FALSE,4.5,2580.76176216879,2282,"$$","Los Angeles","CA","90036",34.06415,-118.34367,2,1
"68","Kang Ho-dong Baekjeong","+12133849678",FALSE,4.5,2232.60087492677,3377,"$$","Los Angeles","CA","90036",34.06415,-118.34367,2,1
"69","Bon Shabu","+12133185004",FALSE,4,1794.44984472887,92,"$$","Los Angeles","CA","90036",34.06415,-118.34367,2,1
"70","MulDaePo BBQ","+12136747420",FALSE,5,1282.23305707896,9,"$$","Los Angeles","CA","90036",34.06415,-118.34367,2,1
"71","Han Bat Shul Lung Tang","+12133839499",FALSE,4.5,1168.07672913569,1634,"$$","Los Angeles","CA","90036",34.06415,-118.34367,2,1
"72","Perch","+12138021770",FALSE,4,6602.91542773673,5097,"$$","Los Angeles","CA","90036",34.06415,-118.34367,2,1
"73","Daikokuya Little Tokyo","+12136261680",FALSE,4,7600.7295890771,7225,"$$","Los Angeles","CA","90036",34.06415,-118.34367,2,1
"74","The Parker Room","+13237450041",FALSE,5,3846.17905813738,84,"$$","Los Angeles","CA","90036",34.06415,-118.34367,2,1
"75","A Food Affair","+13105579795",FALSE,4.5,5915.247295556,927,"$$","Los Angeles","CA","90036",34.06415,-118.34367,2,1
"76","Bäco Mercat","+12136878808",FALSE,4,7007.67877904827,2296,"$$","Los Angeles","CA","90036",34.06415,-118.34367,2,1
"77","Yuko Kitchen","+13239334020",FALSE,4.5,2473.28407323755,1253,"$$","Los Angeles","CA","90036",34.06415,-118.34367,2,1
"78","Animal","+13237829225",FALSE,4,4193.65010291494,3082,"$$","Los Angeles","CA","90036",34.06415,-118.34367,2,1
"79","Pasta Sisters","+13238705271",FALSE,4.5,1618.87682298961,744,"$$","Los Angeles","CA","90036",34.06415,-118.34367,2,1
"80","To Soc Chon","+12133880022",FALSE,5,1323.50037102365,11,"$$","Los Angeles","CA","90036",34.06415,-118.34367,2,1
"81","The Bun Shop","+13234681031",FALSE,4,1823.89639865824,1148,"$$","Los Angeles","CA","90036",34.06415,-118.34367,2,1
"82","EMC Seafood & Raw Bar","+12133519988",FALSE,4,2067.78926128541,2839,"$$","Los Angeles","CA","90036",34.06415,-118.34367,2,1
"83","Chego!","+13233808680",FALSE,4,7530.12424157418,1511,"$$","Los Angeles","CA","90036",34.06415,-118.34367,2,1
"84","Masa of Echo Park","+12139891558",FALSE,4,5962.1247635908,3405,"$$","Los Angeles","CA","90036",34.06415,-118.34367,2,1
"85","Hae Jang Chon Korean BBQ Restaurant","+12133898777",FALSE,4,1428.3680513331,3826,"$$","Los Angeles","CA","90036",34.06415,-118.34367,2,1
"86","Little Sister","+12136283146",FALSE,4,6214.25491102,863,"$$","Los Angeles","CA","90036",34.06415,-118.34367,2,1
"87","Hangari Bajirak Kalgooksoo","+12133882326",FALSE,4.5,2197.88327979006,988,"$$","Los Angeles","CA","90036",34.06415,-118.34367,2,1
"88","Street Food Of Seoul","+12133815600",FALSE,4,2109.29557348549,87,"$$","Los Angeles","CA","90036",34.06415,-118.34367,2,1
"89","Manuela","+13238490480",FALSE,4,8169.10739609866,513,"$$","Los Angeles","CA","90036",34.06415,-118.34367,2,1
"90","Beer Belly","+12133872337",FALSE,4,1220.97162773908,2136,"$$","Los Angeles","CA","90036",34.06415,-118.34367,2,1
"91","Philippe the Original","+12136283781",FALSE,4,7773.51442894449,5269,"$$","Los Angeles","CA","90036",34.06415,-118.34367,2,1
"92","Running Goose","+13234691080",FALSE,4.5,4390.11073515668,453,"$$","Los Angeles","CA","90036",34.06415,-118.34367,2,1
"93","Tirsa's","+12138789030",FALSE,4.5,7136.68033249939,16,"$$","Los Angeles","CA","90036",34.06415,-118.34367,2,1
"94","Bossa Nova on Sunset","+13234367999",FALSE,3.5,4699.58221106466,2617,"$$","Los Angeles","CA","90036",34.06415,-118.34367,2,1
"95","Maccheroni Republic","+12133469725",FALSE,4,6831.0941710856,1883,"$$","Los Angeles","CA","90036",34.06415,-118.34367,2,1
"96","189 by Dominique Ansel","+13236020096",FALSE,3.5,3521.74547663376,78,"$$","Los Angeles","CA","90036",34.06415,-118.34367,2,1
"97","Cleo","+13239621711",FALSE,4,4566.78425062485,1634,"$$","Los Angeles","CA","90036",34.06415,-118.34367,2,1
"98","Marmalade Cafe - LA","+13239540088",FALSE,4,3703.24737774398,1349,"$$","Los Angeles","CA","90036",34.06415,-118.34367,2,1
"99","Eggslut","+12136250292",FALSE,4,6796.4885023272,4599,"$$","Los Angeles","CA","90036",34.06415,-118.34367,2,1
"100","Blu Jam Café","+13239519191",FALSE,4,3644.34287929859,3976,"$$","Los Angeles","CA","90036",34.06415,-118.34367,2,1
"101","Girl & the Goat","+13124926262",FALSE,4.5,3401.95425180256,6719,"$$$","Chicago","IL","60607",41.8841049992939,-87.6479440725005,3,1
"102","The Purple Pig","+13124641744",FALSE,4,4675.68617777544,5568,"$$$","Chicago","IL","60607",41.8841049992939,-87.6479440725005,3,1
"103","Au Cheval","+13129294580",FALSE,4.5,3376.59842691563,4589,"$$$","Chicago","IL","60607",41.8841049992939,-87.6479440725005,3,1
"104","Mable's Table","+17739047433",FALSE,5,1352.32585570225,37,"$$$","Chicago","IL","60607",41.8841049992939,-87.6479440725005,3,1
"105","The Late Bloomer","+13128015955",FALSE,4.5,2504.92108326472,35,"$$$","Chicago","IL","60607",41.8841049992939,-87.6479440725005,3,1
"106","Soule","+13125263825",FALSE,4.5,1060.1141576497,16,"$$$","Chicago","IL","60607",41.8841049992939,-87.6479440725005,3,1
"107","Little Bad Wolf","+17739426399",FALSE,4.5,8727.81160248494,896,"$$$","Chicago","IL","60607",41.8841049992939,-87.6479440725005,3,1
"108","The Dearborn","+13123841242",FALSE,4.5,4631.82514736245,532,"$$$","Chicago","IL","60607",41.8841049992939,-87.6479440725005,3,1
"109","Little Goat Diner","+13128883455",FALSE,4,3332.44459479238,3488,"$$$","Chicago","IL","60607",41.8841049992939,-87.6479440725005,3,1
"110","Summer House Santa Monica","+17736344100",FALSE,4,2763.8233049286,1554,"$$$","Chicago","IL","60607",41.8841049992939,-87.6479440725005,3,1
"111","Xoco","+13126611434",FALSE,4,4209.66486428611,3279,"$$$","Chicago","IL","60607",41.8841049992939,-87.6479440725005,3,1
"112","S.K.Y","+13128461077",FALSE,5,5516.60029917257,19,"$$$","Chicago","IL","60607",41.8841049992939,-87.6479440725005,3,1
"113","Alinea ","+13128670110",FALSE,4.5,2610.28948847189,1721,"$$$","Chicago","IL","60607",41.8841049992939,-87.6479440725005,3,1
"114","Bavette's Bar & Boeuf","+13126248154",FALSE,4.5,3968.64750841135,1768,"$$$","Chicago","IL","60607",41.8841049992939,-87.6479440725005,3,1
"115","Kome Japanese Eatery","+13123209783",FALSE,4.5,6258.03131267975,29,"$$$","Chicago","IL","60607",41.8841049992939,-87.6479440725005,3,1
"116","Smoque BBQ","+17735457427",FALSE,4.5,6498.88474842414,3633,"$$$","Chicago","IL","60607",41.8841049992939,-87.6479440725005,3,1
"117","Small Cheval","",FALSE,4,909.42870707003,688,"$$$","Chicago","IL","60607",41.8841049992939,-87.6479440725005,3,1
"118","Ca Phe Da","",FALSE,4.5,5625.34135911077,14,"$$$","Chicago","IL","60607",41.8841049992939,-87.6479440725005,3,1
"119","Crisp","+17736977610",FALSE,4.5,4411.79130771066,2496,"$$$","Chicago","IL","60607",41.8841049992939,-87.6479440725005,3,1
"120","Cafe Ba-Ba-Reeba!","+17739355000",FALSE,4,2844.29473157921,3166,"$$$","Chicago","IL","60607",41.8841049992939,-87.6479440725005,3,1
"121","The Delta","+17733601793",FALSE,4.5,761.1637059425,66,"$$$","Chicago","IL","60607",41.8841049992939,-87.6479440725005,3,1
"122","Knife & Tine","+17736978311",FALSE,4,2475.64528095309,492,"$$$","Chicago","IL","60607",41.8841049992939,-87.6479440725005,3,1
"123","Del Seoul","+17732484227",FALSE,4,3944.41185304418,1736,"$$$","Chicago","IL","60607",41.8841049992939,-87.6479440725005,3,1
"124","En Hakkore","+17737729880",FALSE,4.5,1104.68370691785,613,"$$$","Chicago","IL","60607",41.8841049992939,-87.6479440725005,3,1
"125","Quartino Ristorante","+13126985000",FALSE,4,4290.83829116021,3777,"$$$","Chicago","IL","60607",41.8841049992939,-87.6479440725005,3,1
"126","Wildberry Pancakes and Cafe","+13129389777",FALSE,4.5,5083.10410612699,4074,"$$$","Chicago","IL","60607",41.8841049992939,-87.6479440725005,3,1
"127","Giant","+17732520997",FALSE,4.5,2802.88676936522,215,"$$$","Chicago","IL","60607",41.8841049992939,-87.6479440725005,3,1
"128","Forbidden Root","+13129292202",FALSE,4.5,1120.92727137551,285,"$$$","Chicago","IL","60607",41.8841049992939,-87.6479440725005,3,1
"129","Avec","+13123772002",FALSE,4.5,3671.00749253755,1883,"$$$","Chicago","IL","60607",41.8841049992939,-87.6479440725005,3,1
"130","The VIG Chicago","+13129822186",FALSE,4,3624.48572066861,270,"$$$","Chicago","IL","60607",41.8841049992939,-87.6479440725005,3,1
"131","MingHin Cuisine","+13128081999",FALSE,4,6775.00059207226,1652,"$$$","Chicago","IL","60607",41.8841049992939,-87.6479440725005,3,1
"132","SafeHouse Chicago","+13123131007",FALSE,4.5,4479.5644971606,430,"$$$","Chicago","IL","60607",41.8841049992939,-87.6479440725005,3,1
"133","Min's Noodle House","+13124652999",FALSE,4.5,8194.72739833086,146,"$$$","Chicago","IL","60607",41.8841049992939,-87.6479440725005,3,1
"134","Feed","+17734894600",FALSE,4,1920.22989394923,570,"$$$","Chicago","IL","60607",41.8841049992939,-87.6479440725005,3,1
"135","3 Arts Club Cafe","+13124759116",FALSE,4.5,3913.47168771982,599,"$$$","Chicago","IL","60607",41.8841049992939,-87.6479440725005,3,1
"136","Mother Cluckers Kitchen","+17736854630",FALSE,4.5,9936.17942700241,521,"$$$","Chicago","IL","60607",41.8841049992939,-87.6479440725005,3,1
"137","The Gage","+13123724243",FALSE,4,5157.73521232909,2355,"$$$","Chicago","IL","60607",41.8841049992939,-87.6479440725005,3,1
"138","Irazu Costa Rican Restaurant","+17732525687",FALSE,4,1297.35613030979,1771,"$$$","Chicago","IL","60607",41.8841049992939,-87.6479440725005,3,1
"139","Bellemore","+13126670104",FALSE,4,3710.66078362471,11,"$$$","Chicago","IL","60607",41.8841049992939,-87.6479440725005,3,1
"140","Nini's Deli","+13122439822",FALSE,5,1920.98732161259,449,"$$$","Chicago","IL","60607",41.8841049992939,-87.6479440725005,3,1
"141","Chicago q","+13126421160",FALSE,4,3936.82287315842,1613,"$$$","Chicago","IL","60607",41.8841049992939,-87.6479440725005,3,1
"142","En Hakkore 2.0","+17732785959",FALSE,4.5,481.9704701154,268,"$$$","Chicago","IL","60607",41.8841049992939,-87.6479440725005,3,1
"143","Bandera Restaurant","+13126443524",FALSE,4,4717.67584719781,1533,"$$$","Chicago","IL","60607",41.8841049992939,-87.6479440725005,3,1
"144","Oiistar","+17733608791",FALSE,4,516.736545814944,740,"$$$","Chicago","IL","60607",41.8841049992939,-87.6479440725005,3,1
"145","Dove's Luncheonette","+17736454060",FALSE,4,489.610627817838,507,"$$$","Chicago","IL","60607",41.8841049992939,-87.6479440725005,3,1
"146","Three Dots and a Dash","+13126104220",FALSE,4,4232.7281041979,2097,"$$$","Chicago","IL","60607",41.8841049992939,-87.6479440725005,3,1
"147","Farmhouse Chicago","+13122804960",FALSE,4,3628.51673756437,1082,"$$$","Chicago","IL","60607",41.8841049992939,-87.6479440725005,3,1
"148","Bluebird","+17736611531",FALSE,4.5,4186.26852865288,80,"$$$","Chicago","IL","60607",41.8841049992939,-87.6479440725005,3,1
"149","Boka","+13123376070",FALSE,4,2625.88268886275,1081,"$$$","Chicago","IL","60607",41.8841049992939,-87.6479440725005,3,1
"150","Portillo's Hot Dogs & Barnelli's Salad Bowl","+13125878910",FALSE,4,4043.05720628334,3909,"$$$","Chicago","IL","60607",41.8841049992939,-87.6479440725005,3,1
"151","Spicy Girl","+18326237990",FALSE,4,3311.90943152018,40,"$$","Houston","TX","77002",29.7389633420875,-95.3801736608148,2,1
"152","Oxbow 7","+17134876137",FALSE,4,723.327114130056,35,"$$","Houston","TX","77002",29.7389633420875,-95.3801736608148,2,1
"153","Hearsay Gastro Lounge","+17132258079",FALSE,4,156.087005720466,1276,"$$","Houston","TX","77002",29.7389633420875,-95.3801736608148,2,1
"154","The French Fry House","+17134975860",FALSE,4.5,3622.58453281417,20,"$$","Houston","TX","77002",29.7389633420875,-95.3801736608148,2,1
"155","JuiceLand","+18324879914",FALSE,5,4076.49898522594,11,"$$","Houston","TX","77002",29.7389633420875,-95.3801736608148,2,1
"156","Kitchen 713","+17138427114",FALSE,4,4695.34616409197,625,"$$","Houston","TX","77002",29.7389633420875,-95.3801736608148,2,1
"157","Fabian's Latin Flavors","+17132270440",FALSE,4.5,129.84533958636,14,"$$","Houston","TX","77002",29.7389633420875,-95.3801736608148,2,1
"158","Ritual","+18322035180",FALSE,4,3382.35579715252,590,"$$","Houston","TX","77002",29.7389633420875,-95.3801736608148,2,1
"159","The Pho Spot","",FALSE,5,334.846454998654,38,"$$","Houston","TX","77002",29.7389633420875,-95.3801736608148,2,1
"160","Field & Tides","+17138616143",FALSE,4,4233.2272727029,224,"$$","Houston","TX","77002",29.7389633420875,-95.3801736608148,2,1
"161","The Breakfast Klub","+17135288561",FALSE,4.5,3371.20757710452,2973,"$$","Houston","TX","77002",29.7389633420875,-95.3801736608148,2,1
"162","Pokéworks","+18322717392",FALSE,4.5,3895.08170144264,94,"$$","Houston","TX","77002",29.7389633420875,-95.3801736608148,2,1
"163","Conservatory","+18329198382",FALSE,4.5,339.030098481334,269,"$$","Houston","TX","77002",29.7389633420875,-95.3801736608148,2,1
"164","JINYA Ramen Bar","+18329258596",FALSE,4.5,2945.39937665701,1856,"$$","Houston","TX","77002",29.7389633420875,-95.3801736608148,2,1
"165","Ono Poke","+18328319453",FALSE,4.5,4153.94973171262,523,"$$","Houston","TX","77002",29.7389633420875,-95.3801736608148,2,1
"166","Stanton's City Bites","+17132274893",FALSE,4,1463.71329840399,862,"$$","Houston","TX","77002",29.7389633420875,-95.3801736608148,2,1
"167","Rachels Cafe","+17132297067",FALSE,4.5,365.215670426004,126,"$$","Houston","TX","77002",29.7389633420875,-95.3801736608148,2,1
"168","SeaSide Poke","+13463194915",FALSE,4.5,1476.78353567218,210,"$$","Houston","TX","77002",29.7389633420875,-95.3801736608148,2,1
"169","The Moonshiners Southern Table + Bar","+17132267717",FALSE,4,317.491204817992,282,"$$","Houston","TX","77002",29.7389633420875,-95.3801736608148,2,1
"170","The Pit Room","+12818881929",FALSE,4.5,4585.94951101945,520,"$$","Houston","TX","77002",29.7389633420875,-95.3801736608148,2,1
"171","Local Foods","+17132270531",FALSE,4.5,304.946451016872,102,"$$","Houston","TX","77002",29.7389633420875,-95.3801736608148,2,1
"172","Eclair Paris","+18326237753",FALSE,4.5,7994.06740901068,20,"$$","Houston","TX","77002",29.7389633420875,-95.3801736608148,2,1
"173","South Bank Seafood Bar","+17134870029",FALSE,4,1622.1755979102,145,"$$","Houston","TX","77002",29.7389633420875,-95.3801736608148,2,1
"174","Fat Bao","+17136770341",FALSE,4,6415.20715873726,1207,"$$","Houston","TX","77002",29.7389633420875,-95.3801736608148,2,1
"175","5411 Empanadas","+18327425332",FALSE,4.5,740.968576578348,51,"$$","Houston","TX","77002",29.7389633420875,-95.3801736608148,2,1
"176","Republic Diner + Noodle Bar","+18326493601",FALSE,4,5630.50820199047,53,"$$","Houston","TX","77002",29.7389633420875,-95.3801736608148,2,1
"177","Local Foods","+17135217800",FALSE,4.5,7289.54666907562,1280,"$$","Houston","TX","77002",29.7389633420875,-95.3801736608148,2,1
"178","La Fisheria","+17138021712",FALSE,4.5,218.0559059133,249,"$$","Houston","TX","77002",29.7389633420875,-95.3801736608148,2,1
"179","Oporto Fooding House & Wine","+17135280115",FALSE,4.5,2243.49056898783,584,"$$","Houston","TX","77002",29.7389633420875,-95.3801736608148,2,1
"180","Urban Eats","+18328344417",FALSE,4,3452.44953965372,668,"$$","Houston","TX","77002",29.7389633420875,-95.3801736608148,2,1
"181","Wokker","+17132270199",FALSE,5,102.116806318396,11,"$$","Houston","TX","77002",29.7389633420875,-95.3801736608148,2,1
"182","The Empanada Company","+18328310360",FALSE,4,10135.1261226146,14,"$$","Houston","TX","77002",29.7389633420875,-95.3801736608148,2,1
"183","Foreign Policy","+18328606667",FALSE,4.5,977.558227248606,91,"$$","Houston","TX","77002",29.7389633420875,-95.3801736608148,2,1
"184","Theodore Rex","+18328308592",FALSE,4.5,779.015173581402,20,"$$","Houston","TX","77002",29.7389633420875,-95.3801736608148,2,1
"185","Edison & Patton","+12815013780",FALSE,4.5,3944.77422732731,215,"$$","Houston","TX","77002",29.7389633420875,-95.3801736608148,2,1
"186","Velvet Taco","+18328345908",FALSE,4,4905.99008195309,1400,"$$","Houston","TX","77002",29.7389633420875,-95.3801736608148,2,1
"187","Xochi","+17134003330",FALSE,4,954.012164737264,249,"$$","Houston","TX","77002",29.7389633420875,-95.3801736608148,2,1
"188","Maison Pucha Bistro","+17136374976",FALSE,4.5,3988.26387211878,13,"$$","Houston","TX","77002",29.7389633420875,-95.3801736608148,2,1
"189","Irma's Southwest Grill","+17132479651",FALSE,4,577.05146903167,206,"$$","Houston","TX","77002",29.7389633420875,-95.3801736608148,2,1
"190","Huynh Restaurant","+17132248964",FALSE,4,1329.35834931157,643,"$$","Houston","TX","77002",29.7389633420875,-95.3801736608148,2,1
"191","Snooze an A.M.  Eatery","+17135746655",FALSE,4,3666.55194880879,1176,"$$","Houston","TX","77002",29.7389633420875,-95.3801736608148,2,1
"192","Uchi","+17135224808",FALSE,4.5,3586.76064984174,1473,"$$","Houston","TX","77002",29.7389633420875,-95.3801736608148,2,1
"193","Treebeards","+17132282622",FALSE,4,204.734164047652,166,"$$","Houston","TX","77002",29.7389633420875,-95.3801736608148,2,1
"194","Star Fish","+18328319820",FALSE,4.5,3861.08651296062,102,"$$","Houston","TX","77002",29.7389633420875,-95.3801736608148,2,1
"195","Barnaby's Cafe","+17138741454",FALSE,4,5080.22447930325,333,"$$","Houston","TX","77002",29.7389633420875,-95.3801736608148,2,1
"196","Prohibition Supperclub & Bar","+12819404636",FALSE,4,321.092896311678,361,"$$","Houston","TX","77002",29.7389633420875,-95.3801736608148,2,1
"197","The Springbok","+18327675574",FALSE,4,577.368951258302,334,"$$","Houston","TX","77002",29.7389633420875,-95.3801736608148,2,1
"198","Nobie's","+13463195919",FALSE,4.5,5734.17677738904,123,"$$","Houston","TX","77002",29.7389633420875,-95.3801736608148,2,1
"199","MKT BAR","+18323602222",FALSE,4,964.895298323814,430,"$$","Houston","TX","77002",29.7389633420875,-95.3801736608148,2,1
"200","Flying Saucer Draught Emporium","+17132289472",FALSE,4,540.611183250736,617,"$$","Houston","TX","77002",29.7389633420875,-95.3801736608148,2,1
"201","Barbuzzo","+12155469300",FALSE,4.5,877.931789928926,2003,"$$","Philadelphia","PA","19107",39.94999,-75.16216,2,1
"202","The Love","+12154331555",FALSE,4,353.774427705362,35,"$$","Philadelphia","PA","19107",39.94999,-75.16216,2,1
"203","The Dandelion","+12155582500",FALSE,4,312.67582731023,1745,"$$","Philadelphia","PA","19107",39.94999,-75.16216,2,1
"204","Talula's Garden","+12155927787",FALSE,4.5,1667.83426496561,1239,"$$","Philadelphia","PA","19107",39.94999,-75.16216,2,1
"205","Vernick Food & Drink","+12676396644",FALSE,4.5,457.601412693214,730,"$$","Philadelphia","PA","19107",39.94999,-75.16216,2,1
"206","Butcher Bar","+12155636328",FALSE,4,370.149407165934,308,"$$","Philadelphia","PA","19107",39.94999,-75.16216,2,1
"207","Cafe Nhan","+12155512407",FALSE,4.5,3250.78004884917,16,"$$","Philadelphia","PA","19107",39.94999,-75.16216,2,1
"208","Daleng Restaurant","+12673284653",FALSE,5,3776.52640289964,22,"$$","Philadelphia","PA","19107",39.94999,-75.16216,2,1
"209","Zahav","+12156258800",FALSE,4.5,2374.30339968627,2085,"$$","Philadelphia","PA","19107",39.94999,-75.16216,2,1
"210","Dim Sum Garden","+12158730258",FALSE,4,1246.96939147602,1524,"$$","Philadelphia","PA","19107",39.94999,-75.16216,2,1
"211","Middle Child","+12679308344",FALSE,5,1242.43019972582,29,"$$","Philadelphia","PA","19107",39.94999,-75.16216,2,1
"212","Luke's Lobster Rittenhouse","+12155641415",FALSE,4.5,401.756625091024,841,"$$","Philadelphia","PA","19107",39.94999,-75.16216,2,1
"213","Bud & Marilyn's","+12155462220",FALSE,4,1008.87400995403,654,"$$","Philadelphia","PA","19107",39.94999,-75.16216,2,1
"214","Nan Zhou Hand Drawn Noodle House","+12159231550",FALSE,4,1232.31212561479,1584,"$$","Philadelphia","PA","19107",39.94999,-75.16216,2,1
"215","Suraya","+12153021900",FALSE,4.5,3869.85162330222,15,"$$","Philadelphia","PA","19107",39.94999,-75.16216,2,1
"216","Andy's Chicken","+12155153553",FALSE,4,1107.49736142324,17,"$$","Philadelphia","PA","19107",39.94999,-75.16216,2,1
"217","Sampan","+12157323501",FALSE,4,904.463816887314,1295,"$$","Philadelphia","PA","19107",39.94999,-75.16216,2,1
"218","El Vez","+12159289800",FALSE,4,935.125555770038,2319,"$$","Philadelphia","PA","19107",39.94999,-75.16216,2,1
"219","Monk's Cafe","+12155457005",FALSE,4,718.434325919888,1906,"$$","Philadelphia","PA","19107",39.94999,-75.16216,2,1
"220","Amada","+12156252450",FALSE,4,2316.50548487328,1764,"$$","Philadelphia","PA","19107",39.94999,-75.16216,2,1
"221","Love & Honey Fried Chicken","+12157897878",FALSE,4.5,3298.36670184496,103,"$$","Philadelphia","PA","19107",39.94999,-75.16216,2,1
"222","The Little Lion","+12672730688",FALSE,4,2233.48301372635,445,"$$","Philadelphia","PA","19107",39.94999,-75.16216,2,1
"223","Village Whiskey","+12156651088",FALSE,4,341.99088641342,1388,"$$","Philadelphia","PA","19107",39.94999,-75.16216,2,1
"224","Friday Saturday Sunday","+12155464232",FALSE,4.5,675.403286862458,86,"$$","Philadelphia","PA","19107",39.94999,-75.16216,2,1
"225","Oyster House","+12155677683",FALSE,4,560.25984077927,1014,"$$","Philadelphia","PA","19107",39.94999,-75.16216,2,1
"226","High Street on Market","+12156250988",FALSE,4,2162.49028714192,600,"$$","Philadelphia","PA","19107",39.94999,-75.16216,2,1
"227","Honey's Sit-N-Eat","+12159251150",FALSE,4,2538.6201510946,1194,"$$","Philadelphia","PA","19107",39.94999,-75.16216,2,1
"228","Tommy DiNic's","+12159236175",FALSE,4,1007.01841920794,1760,"$$","Philadelphia","PA","19107",39.94999,-75.16216,2,1
"229","Dizengoff","+12158678181",FALSE,4.5,425.458986542232,494,"$$","Philadelphia","PA","19107",39.94999,-75.16216,2,1
"230","Royal Boucherie","+12676066313",FALSE,4.5,2384.25044424656,16,"$$","Philadelphia","PA","19107",39.94999,-75.16216,2,1
"231","Cleavers","+12155153828",FALSE,4.5,269.82002606672,508,"$$","Philadelphia","PA","19107",39.94999,-75.16216,2,1
"232","Abe Fisher","+12158670088",FALSE,4.5,426.421131104968,424,"$$","Philadelphia","PA","19107",39.94999,-75.16216,2,1
"233","Bangin' Curry Franklin","+12673321199",FALSE,5,1713.35894432717,56,"$$","Philadelphia","PA","19107",39.94999,-75.16216,2,1
"234","Little Nonna's","+12155462100",FALSE,4,1036.52192027695,624,"$$","Philadelphia","PA","19107",39.94999,-75.16216,2,1
"235","South Philly Barbacoa","+12153605282",FALSE,5,2904.03135472127,109,"$$","Philadelphia","PA","19107",39.94999,-75.16216,2,1
"236","Bar Hygge","+12157652274",FALSE,4.5,1545.58672975904,190,"$$","Philadelphia","PA","19107",39.94999,-75.16216,2,1
"237","City Tap House","+12155879040",FALSE,4,253.500984367736,313,"$$","Philadelphia","PA","19107",39.94999,-75.16216,2,1
"238","Terakawa Ramen","+12676871355",FALSE,4,1436.46408983508,1019,"$$","Philadelphia","PA","19107",39.94999,-75.16216,2,1
"239","Tria Cafe Wash West","+12156299200",FALSE,4.5,1184.43961488897,672,"$$","Philadelphia","PA","19107",39.94999,-75.16216,2,1
"240","Morimoto","+12154139070",FALSE,4.5,1595.51801555584,1559,"$$","Philadelphia","PA","19107",39.94999,-75.16216,2,1
"241","Parc Restaurant, Bistro & Cafe","+12155452262",FALSE,4,510.70837322373,1847,"$$","Philadelphia","PA","19107",39.94999,-75.16216,2,1
"242","Butcher and Singer","+12157324444",FALSE,4.5,646.8591415309,915,"$$","Philadelphia","PA","19107",39.94999,-75.16216,2,1
"243","Tortilleria San Roman","+12675079161",FALSE,5,2119.18107624043,191,"$$","Philadelphia","PA","19107",39.94999,-75.16216,2,1
"244","Alma De Cuba","+12159881799",FALSE,4,470.594995166,1124,"$$","Philadelphia","PA","19107",39.94999,-75.16216,2,1
"245","Urban Farmer Philadelphia","+12159632788",FALSE,4,394.793989550678,257,"$$","Philadelphia","PA","19107",39.94999,-75.16216,2,1
"246","Chengdu Famous Food","+12153861088",FALSE,4.5,2080.50044337329,83,"$$","Philadelphia","PA","19107",39.94999,-75.16216,2,1
"247","Original 13 Ciderworks","+12157657000",FALSE,5,3511.71026051917,9,"$$","Philadelphia","PA","19107",39.94999,-75.16216,2,1
"248","Han Dynasty","+12159221888",FALSE,4,2429.22243650142,1199,"$$","Philadelphia","PA","19107",39.94999,-75.16216,2,1
"249","Dolce & Caffè","+12156271130",FALSE,4.5,2708.57747038317,17,"$$","Philadelphia","PA","19107",39.94999,-75.16216,2,1
"250","La Calaca Feliz","+12157879930",FALSE,4,1584.46680700584,503,"$$","Philadelphia","PA","19107",39.94999,-75.16216,2,1
"251","The Arrogant Butcher","+16023248502",FALSE,4,361.66880560557,1527,"$$","Phoenix","AZ","85004",33.4473917315183,-112.072831046558,2,1
"252","Little Miss BBQ","+16024371177",FALSE,5,7946.07101772902,1466,"$$","Phoenix","AZ","85004",33.4473917315183,-112.072831046558,2,1
"253","The Kettle Black Kitchen & Pub","+16026511185",FALSE,4.5,438.864639234546,464,"$$","Phoenix","AZ","85004",33.4473917315183,-112.072831046558,2,1
"254","Welcome Diner","+16024951111",FALSE,4.5,1756.07717790001,758,"$$","Phoenix","AZ","85004",33.4473917315183,-112.072831046558,2,1
"255","The Dressing Room","+16027770763",FALSE,4.5,1533.36582344612,188,"$$","Phoenix","AZ","85004",33.4473917315183,-112.072831046558,2,1
"256","Cibo","+16024412697",FALSE,4.5,1427.89322522214,1699,"$$","Phoenix","AZ","85004",33.4473917315183,-112.072831046558,2,1
"257","Lo-Lo's Chicken & Waffles","+16023401304",FALSE,4,1129.88795499034,1523,"$$","Phoenix","AZ","85004",33.4473917315183,-112.072831046558,2,1
"258","La Santisima","+16022546330",FALSE,4,3418.89354134517,1703,"$$","Phoenix","AZ","85004",33.4473917315183,-112.072831046558,2,1
"259","Noodle Bar","+14804547905",FALSE,4,698.201476522948,262,"$$","Phoenix","AZ","85004",33.4473917315183,-112.072831046558,2,1
"260","Harumi Sushi","+16022580131",FALSE,4.5,711.602174701138,909,"$$","Phoenix","AZ","85004",33.4473917315183,-112.072831046558,2,1
"261","Nook Kitchen","+16022581037",FALSE,4,639.209556475676,182,"$$","Phoenix","AZ","85004",33.4473917315183,-112.072831046558,2,1
"262","Tastybox","+16025358772",FALSE,5,1255.0720826677,39,"$$","Phoenix","AZ","85004",33.4473917315183,-112.072831046558,2,1
"263","D'lite Healthy On The Go","+16023689445",FALSE,4,7776.56582738567,26,"$$","Phoenix","AZ","85004",33.4473917315183,-112.072831046558,2,1
"264","Phoenix Public Market Cafe","+16022532700",FALSE,4,1242.98631424392,851,"$$","Phoenix","AZ","85004",33.4473917315183,-112.072831046558,2,1
"265","Glai Baan","+16025955881",FALSE,4.5,5948.88509001846,80,"$$","Phoenix","AZ","85004",33.4473917315183,-112.072831046558,2,1
"266","Pizzeria Bianco","+16022588300",FALSE,4,622.847463805154,2039,"$$","Phoenix","AZ","85004",33.4473917315183,-112.072831046558,2,1
"267","Angels Trumpet Ale House","+16022522630",FALSE,4,1344.17824944052,937,"$$","Phoenix","AZ","85004",33.4473917315183,-112.072831046558,2,1
"268","Blue Hound Kitchen & Cocktails","+16022580231",FALSE,4,426.073990351476,500,"$$","Phoenix","AZ","85004",33.4473917315183,-112.072831046558,2,1
"269","Chelsea's Kitchen","+16029572555",FALSE,4,10099.0363359579,1194,"$$","Phoenix","AZ","85004",33.4473917315183,-112.072831046558,2,1
"270","The Vig Fillmore","+16022542242",FALSE,4,1398.66193178315,512,"$$","Phoenix","AZ","85004",33.4473917315183,-112.072831046558,2,1
"271","Nobuo At Teeter House","+16022540600",FALSE,4.5,653.156138436648,424,"$$","Phoenix","AZ","85004",33.4473917315183,-112.072831046558,2,1
"272","The Gladly","+16027598132",FALSE,4.5,7864.08419935867,631,"$$","Phoenix","AZ","85004",33.4473917315183,-112.072831046558,2,1
"273","Grassroots Kitchen & Tap","+16023688766",FALSE,4.5,7586.123726662,439,"$$","Phoenix","AZ","85004",33.4473917315183,-112.072831046558,2,1
"274","Irma's Kitchen","+16022522620",FALSE,4.5,2445.1631862572,192,"$$","Phoenix","AZ","85004",33.4473917315183,-112.072831046558,2,1
"275","Oven + Vine","+16026877632",FALSE,4.5,3274.30953564131,226,"$$","Phoenix","AZ","85004",33.4473917315183,-112.072831046558,2,1
"276","Ten Handcrafted American Fare & Spirits","+16023742611",FALSE,4.5,8113.47144498437,454,"$$","Phoenix","AZ","85004",33.4473917315183,-112.072831046558,2,1
"277","2601 on Central","+16024662074",FALSE,4,3555.29199641252,28,"$$","Phoenix","AZ","85004",33.4473917315183,-112.072831046558,2,1
"278","Kiss Pollos Estilo Sinaloa","+16029007371",FALSE,5,1201.79553165826,89,"$$","Phoenix","AZ","85004",33.4473917315183,-112.072831046558,2,1
"279","Cornish Pasty","+16023748500",FALSE,4,686.1730566082,168,"$$","Phoenix","AZ","85004",33.4473917315183,-112.072831046558,2,1
"280","Gallo Blanco","+16023270880",FALSE,4,1499.81974832801,73,"$$","Phoenix","AZ","85004",33.4473917315183,-112.072831046558,2,1
"281","Hula's Modern Tiki","+16022658454",FALSE,4,6816.20600500693,1001,"$$","Phoenix","AZ","85004",33.4473917315183,-112.072831046558,2,1
"282","Even Stevens Sandwiches","+16022584833",FALSE,4,795.153212488718,149,"$$","Phoenix","AZ","85004",33.4473917315183,-112.072831046558,2,1
"283","Restaurant Progress","+16024410553",FALSE,4.5,6172.99362389268,80,"$$","Phoenix","AZ","85004",33.4473917315183,-112.072831046558,2,1
"284","Original Gravity","+16025837628",FALSE,4.5,6867.87050331286,82,"$$","Phoenix","AZ","85004",33.4473917315183,-112.072831046558,2,1
"285","St. Francis Restaurant","+16022008111",FALSE,4,7118.16095464248,1322,"$$","Phoenix","AZ","85004",33.4473917315183,-112.072831046558,2,1
"286","Matt's Big Breakfast","+16022541074",FALSE,4,1395.76187728492,1522,"$$","Phoenix","AZ","85004",33.4473917315183,-112.072831046558,2,1
"287","Flyin' Hawaiian","+15033808363",FALSE,4.5,1611.84490874188,3,"$$","Phoenix","AZ","85004",33.4473917315183,-112.072831046558,2,1
"288","Joe's Midnight Run","+14804594467",FALSE,4,8980.52309148047,371,"$$","Phoenix","AZ","85004",33.4473917315183,-112.072831046558,2,1
"289","Clever Koi","+16022223474",FALSE,4,5846.79505861151,688,"$$","Phoenix","AZ","85004",33.4473917315183,-112.072831046558,2,1
"290","Chico Malo","+16026039363",FALSE,4,471.258503839108,191,"$$","Phoenix","AZ","85004",33.4473917315183,-112.072831046558,2,1
"291","Maria's Frybread & Mexican Food","+16029573514",FALSE,4.5,7974.49535075533,301,"$$","Phoenix","AZ","85004",33.4473917315183,-112.072831046558,2,1
"292","Walrus & The Pearl","+16026807747",FALSE,4.5,1518.49629786987,54,"$$","Phoenix","AZ","85004",33.4473917315183,-112.072831046558,2,1
"293","Presidio Cocina Mexicana","+16022798420",FALSE,4.5,4018.24796073595,397,"$$","Phoenix","AZ","85004",33.4473917315183,-112.072831046558,2,1
"294","Bobby Q - Biltmore","+16026268856",FALSE,4.5,8931.71927082444,49,"$$","Phoenix","AZ","85004",33.4473917315183,-112.072831046558,2,1
"295","Chanpen Thai Cuisine","+16022763778",FALSE,4.5,6144.84430663375,516,"$$","Phoenix","AZ","85004",33.4473917315183,-112.072831046558,2,1
"296","Mission Possible Cafe","+16026886219",FALSE,5,2133.63260488074,6,"$$","Phoenix","AZ","85004",33.4473917315183,-112.072831046558,2,1
"297","Barrio Café","+16026360240",FALSE,4,4303.16686714715,1244,"$$","Phoenix","AZ","85004",33.4473917315183,-112.072831046558,2,1
"298","Tuck Shop","+16023542980",FALSE,4.5,3357.18894322147,532,"$$","Phoenix","AZ","85004",33.4473917315183,-112.072831046558,2,1
"299","Mother Bunch Brewing","+16023683580",FALSE,4,1454.7044498179,515,"$$","Phoenix","AZ","85004",33.4473917315183,-112.072831046558,2,1
"300","Chelsea's Kitchen","",FALSE,4,6763.3652349451,355,"$$","Phoenix","AZ","85004",33.4473917315183,-112.072831046558,2,1
"301","Boudro's On the River Walk","+12102248484",FALSE,4,8216.24654877202,1636,"$$$","San Antonio","TX","78205",29.42412,-98.48839,3,1
"302","Bella On the River","+12104042355",FALSE,4.5,8030.25827509414,622,"$$$","San Antonio","TX","78205",29.42412,-98.48839,3,1
"303","The Esquire Tavern","+12102222521",FALSE,4,8041.95960743646,1680,"$$$","San Antonio","TX","78205",29.42412,-98.48839,3,1
"304","The Dogfather","+12104814272",FALSE,5,1435.07656210954,24,"$$$","San Antonio","TX","78205",29.42412,-98.48839,3,1
"305","Sabor Cocinabar","+12103147760",FALSE,4.5,2679.94692023075,115,"$$$","San Antonio","TX","78205",29.42412,-98.48839,3,1
"306","Rosario's Mexican Cafe Y Cantina","+12102231806",FALSE,4,9118.45448393598,1858,"$$$","San Antonio","TX","78205",29.42412,-98.48839,3,1
"307","Gogi Street","+12104555574",FALSE,4.5,8701.37336464307,192,"$$$","San Antonio","TX","78205",29.42412,-98.48839,3,1
"308","Sangria On the Burg","+12102653763",FALSE,4,4486.2834580254,352,"$$$","San Antonio","TX","78205",29.42412,-98.48839,3,1
"309","Cullum's Attagirl","+12104374263",FALSE,4.5,5402.27878036407,135,"$$$","San Antonio","TX","78205",29.42412,-98.48839,3,1
"310","Cured","+12103143929",FALSE,4.5,6703.12525338135,670,"$$$","San Antonio","TX","78205",29.42412,-98.48839,3,1
"311","Lula's Mexican Cafe","+12104723300",FALSE,5,7705.33288974723,85,"$$$","San Antonio","TX","78205",29.42412,-98.48839,3,1
"312","The Winchester Pub","+12107217762",FALSE,4.5,5545.50003123487,6,"$$$","San Antonio","TX","78205",29.42412,-98.48839,3,1
"313","Cookhouse","+12103208211",FALSE,4.5,5401.79724040849,301,"$$$","San Antonio","TX","78205",29.42412,-98.48839,3,1
"314","Zinc Bistro & Wine Bar","+12102242900",FALSE,4,8233.76294779957,1099,"$$$","San Antonio","TX","78205",29.42412,-98.48839,3,1
"315","The Big Bib BBQ","+12106548400",FALSE,4,9561.8380063374,803,"$$$","San Antonio","TX","78205",29.42412,-98.48839,3,1
"316","Bliss","+12102252547",FALSE,4.5,9624.83385921477,413,"$$$","San Antonio","TX","78205",29.42412,-98.48839,3,1
"317","Burgerteca","+12106350016",FALSE,4.5,10038.0325419962,29,"$$$","San Antonio","TX","78205",29.42412,-98.48839,3,1
"318","Range","+12102274455",FALSE,4.5,7834.86616012205,27,"$$$","San Antonio","TX","78205",29.42412,-98.48839,3,1
"319","Pancake Joe's","+12107859007",FALSE,4.5,4364.85963758745,679,"$$$","San Antonio","TX","78205",29.42412,-98.48839,3,1
"320","Picnikins Patio Cafe","+12106160954",FALSE,4.5,2758.8237756336,350,"$$$","San Antonio","TX","78205",29.42412,-98.48839,3,1
"321","Ocho","+12102222008",FALSE,4,7465.18345704996,617,"$$$","San Antonio","TX","78205",29.42412,-98.48839,3,1
"322","Wrigleyville Grill","+12103699833",FALSE,4.5,3025.42649575481,342,"$$$","San Antonio","TX","78205",29.42412,-98.48839,3,1
"323","Wild Goji Restaurant & Bar","+12102770638",FALSE,4.5,3231.70121966861,453,"$$$","San Antonio","TX","78205",29.42412,-98.48839,3,1
"324","Leon Valley Cafe","+12105200706",FALSE,5,9492.26636913767,226,"$$$","San Antonio","TX","78205",29.42412,-98.48839,3,1
"325","Southerleigh Fine Food and Brewery","+12104555701",FALSE,4,6631.31032883124,611,"$$$","San Antonio","TX","78205",29.42412,-98.48839,3,1
"326","NOLA Brunch & Beignets","+12103201572",FALSE,4,5418.24409749962,185,"$$$","San Antonio","TX","78205",29.42412,-98.48839,3,1
"327","1000 Degrees Neapolitan Pizzeria","+12103682053",FALSE,4.5,8336.93332077995,32,"$$$","San Antonio","TX","78205",29.42412,-98.48839,3,1
"328","The Smoke Shack","+12109571430",FALSE,4,5947.26548339486,481,"$$$","San Antonio","TX","78205",29.42412,-98.48839,3,1
"329","Lucky Noodle","+12102679717",FALSE,4,5641.10863199246,157,"$$$","San Antonio","TX","78205",29.42412,-98.48839,3,1
"330","Periphery","+12109660404",FALSE,4.5,4988.83677374319,43,"$$$","San Antonio","TX","78205",29.42412,-98.48839,3,1
"331","The Pigpen","+12102679136",FALSE,4.5,5983.51384556382,102,"$$$","San Antonio","TX","78205",29.42412,-98.48839,3,1
"332","Fattboy Burgers & Dogs","+12103773288",FALSE,4.5,2050.84563022628,351,"$$$","San Antonio","TX","78205",29.42412,-98.48839,3,1
"333","Toña's Tamales","+12107140003",FALSE,5,8073.41670435608,1,"$$$","San Antonio","TX","78205",29.42412,-98.48839,3,1
"334","Max & Louie's New York Diner","+12104837600",FALSE,4,8353.09658496523,328,"$$$","San Antonio","TX","78205",29.42412,-98.48839,3,1
"335","Bar-B-Cutie","+12102011201",FALSE,4,12660.3591446813,25,"$$$","San Antonio","TX","78205",29.42412,-98.48839,3,1
"336","The Station Cafe","+12104442200",FALSE,4.5,8867.64337426247,434,"$$$","San Antonio","TX","78205",29.42412,-98.48839,3,1
"337","Nonna Osteria","+12102248800",FALSE,4.5,8596.9564892748,9,"$$$","San Antonio","TX","78205",29.42412,-98.48839,3,1
"338","Pollos Asados Los Norteños","+12106483303",FALSE,4.5,15380.2243650514,363,"$$$","San Antonio","TX","78205",29.42412,-98.48839,3,1
"339","Feast","+12103541024",FALSE,4,9272.56255909275,520,"$$$","San Antonio","TX","78205",29.42412,-98.48839,3,1
"340","Dough Pizzeria Napoletana","+12109796565",FALSE,4,2847.43477439879,1219,"$$$","San Antonio","TX","78205",29.42412,-98.48839,3,1
"341","Grayze","+12104818776",FALSE,4,6857.00301701727,201,"$$$","San Antonio","TX","78205",29.42412,-98.48839,3,1
"342","The Luxury","+12103542274",FALSE,4,7261.60450284282,455,"$$$","San Antonio","TX","78205",29.42412,-98.48839,3,1
"343","First Watch - Breakfast, Brunch & Lunch","+12103669000",FALSE,4.5,2766.88805187947,26,"$$$","San Antonio","TX","78205",29.42412,-98.48839,3,1
"344","Snooze An A M Eatery","+12109371063",FALSE,4,3343.54601764719,399,"$$$","San Antonio","TX","78205",29.42412,-98.48839,3,1
"345","Scratch Kitchen","+12106302220",FALSE,4.5,5031.24189267722,52,"$$$","San Antonio","TX","78205",29.42412,-98.48839,3,1
"346","Zócalo Mio","+12103148468",FALSE,4.5,7838.1260352027,52,"$$$","San Antonio","TX","78205",29.42412,-98.48839,3,1
"347","Kungfu Noodle","+12104515586",FALSE,4.5,10105.9220814173,418,"$$$","San Antonio","TX","78205",29.42412,-98.48839,3,1
"348","Biga On The Banks","+12102250722",FALSE,4,8150.36821989537,545,"$$$","San Antonio","TX","78205",29.42412,-98.48839,3,1
"349","Las Canarias","+12105181063",FALSE,4,8056.55652192116,384,"$$$","San Antonio","TX","78205",29.42412,-98.48839,3,1
"350","Pete's Tako House","+12102242911",FALSE,4.5,7441.38794056219,425,"$$$","San Antonio","TX","78205",29.42412,-98.48839,3,1
"351","The Crack Shack","+16197953299",FALSE,4,7154.49895350889,2497,"$$","San Diego","CA","92101",32.727875,-117.171287,2,1
"352","CUCINA urbana","+16192392222",FALSE,4.5,6614.93358279815,3202,"$$","San Diego","CA","92101",32.727875,-117.171287,2,1
"353","Werewolf","+16192340094",FALSE,4.5,8766.03741864813,2284,"$$","San Diego","CA","92101",32.727875,-117.171287,2,1
"354","Phil's BBQ","+16192266333",FALSE,4.5,7024.03770051432,11631,"$$","San Diego","CA","92101",32.727875,-117.171287,2,1
"355","Lucha Libre Gourmet Taco Shop","+16192968226",FALSE,4,5860.27460769047,6489,"$$","San Diego","CA","92101",32.727875,-117.171287,2,1
"356","Searsucker","+16192337327",FALSE,4,8778.57211085558,2979,"$$","San Diego","CA","92101",32.727875,-117.171287,2,1
"357","Homestyle Hawaiian","+18585715828",FALSE,4,1320.20970041743,1294,"$$","San Diego","CA","92101",32.727875,-117.171287,2,1
"358","Cross Street Chicken & Beer","+18584306001",FALSE,4.5,3321.10915732537,206,"$$","San Diego","CA","92101",32.727875,-117.171287,2,1
"359","Craft & Commerce","+16192692202",FALSE,4,7878.46872554208,2132,"$$","San Diego","CA","92101",32.727875,-117.171287,2,1
"360","Urban Solace","+16192956464",FALSE,4,5279.73336469206,3066,"$$","San Diego","CA","92101",32.727875,-117.171287,2,1
"361","Island Prime","+16192986802",FALSE,4.5,8047.24956691831,1678,"$$","San Diego","CA","92101",32.727875,-117.171287,2,1
"362","Barbusa","+16192381917",FALSE,4.5,7435.51628883883,724,"$$","San Diego","CA","92101",32.727875,-117.171287,2,1
"363","Ironside Fish & Oyster","+16192693033",FALSE,4,7669.94682868741,2421,"$$","San Diego","CA","92101",32.727875,-117.171287,2,1
"364","C Level","+16192986802",FALSE,4,8047.24956691831,2408,"$$","San Diego","CA","92101",32.727875,-117.171287,2,1
"365","BO-beau kitchen + bar","+16192242884",FALSE,4.5,9479.05013753363,1353,"$$","San Diego","CA","92101",32.727875,-117.171287,2,1
"366","Embargo Grill","+16197867522",FALSE,4.5,7471.77341724371,1544,"$$","San Diego","CA","92101",32.727875,-117.171287,2,1
"367","Soda & Swine","+16196109168",FALSE,4,3800.47229209366,1337,"$$","San Diego","CA","92101",32.727875,-117.171287,2,1
"368","Puesto","+16192338880",FALSE,4,9011.28119072223,2524,"$$","San Diego","CA","92101",32.727875,-117.171287,2,1
"369","Blue Water Seafood Market & Grill","+16194970914",FALSE,4,5918.0682517979,2934,"$$","San Diego","CA","92101",32.727875,-117.171287,2,1
"370","Crushed","+18582306567",FALSE,4.5,9190.67329875226,1228,"$$","San Diego","CA","92101",32.727875,-117.171287,2,1
"371","Kettner Exchange","+16192552001",FALSE,4,7386.21157044198,1094,"$$","San Diego","CA","92101",32.727875,-117.171287,2,1
"372","Fuego","+16197957887",FALSE,4.5,8770.76965137507,19,"$$","San Diego","CA","92101",32.727875,-117.171287,2,1
"373","Prepkitchen Little Italy","+16193988383",FALSE,4,7654.27871480701,1472,"$$","San Diego","CA","92101",32.727875,-117.171287,2,1
"374","Hodad's","+16192244623",FALSE,4,10277.2537244405,4622,"$$","San Diego","CA","92101",32.727875,-117.171287,2,1
"375","Hash House A Go Go","+16192984646",FALSE,4,5225.3740997811,6416,"$$","San Diego","CA","92101",32.727875,-117.171287,2,1
"376","Carnitas' Snack Shack - North Park","+16192947675",FALSE,4.5,4958.39895617499,3242,"$$","San Diego","CA","92101",32.727875,-117.171287,2,1
"377","OB Noodle House","+16194506868",FALSE,4,9540.52042717965,2638,"$$","San Diego","CA","92101",32.727875,-117.171287,2,1
"378","Lazy Dog Restaurant & Bar","+16194816191",FALSE,4,2681.00742604494,1513,"$$","San Diego","CA","92101",32.727875,-117.171287,2,1
"379","The Prado At Balboa Park","+16195579441",FALSE,4,6641.5707775506,2190,"$$","San Diego","CA","92101",32.727875,-117.171287,2,1
"380","Bazille","+18588123582",FALSE,4,10633.2887094847,35,"$$","San Diego","CA","92101",32.727875,-117.171287,2,1
"381","Cafe Sevilla","+16192335979",FALSE,4,9089.30377674908,2185,"$$","San Diego","CA","92101",32.727875,-117.171287,2,1
"382","Coasterra","+16198141300",FALSE,4,8002.13292251715,1421,"$$","San Diego","CA","92101",32.727875,-117.171287,2,1
"383","Cafe Coyote","+16192914695",FALSE,3.5,5674.69270491544,3586,"$$","San Diego","CA","92101",32.727875,-117.171287,2,1
"384","Slater's 50/50 - San Diego","+16193982600",FALSE,4,7976.96392124375,3647,"$$","San Diego","CA","92101",32.727875,-117.171287,2,1
"385","Underbelly","+16192694626",FALSE,4,7489.54162648238,1867,"$$","San Diego","CA","92101",32.727875,-117.171287,2,1
"386","Bahn Thai","+16192996363",FALSE,4.5,3273.79507727978,1644,"$$","San Diego","CA","92101",32.727875,-117.171287,2,1
"387","Dumpling Inn","+18582689638",FALSE,4,3745.23689041664,2380,"$$","San Diego","CA","92101",32.727875,-117.171287,2,1
"388","Oscar's Mexican Seafood","+18584886392",FALSE,4.5,10169.3378706463,2116,"$$","San Diego","CA","92101",32.727875,-117.171287,2,1
"389","Trust","+16197956901",FALSE,4.5,4932.25555296167,541,"$$","San Diego","CA","92101",32.727875,-117.171287,2,1
"390","La Puerta","+16196963466",FALSE,4,8853.6378190028,2910,"$$","San Diego","CA","92101",32.727875,-117.171287,2,1
"391","STACKED","+16192257900",FALSE,4,2696.09259529543,1800,"$$","San Diego","CA","92101",32.727875,-117.171287,2,1
"392","Juniper & Ivy","+16192699036",FALSE,4,7186.84677586166,1903,"$$","San Diego","CA","92101",32.727875,-117.171287,2,1
"393","Supernatural Sea to Sandwich","+18588317835",FALSE,4.5,9932.13164078385,1148,"$$","San Diego","CA","92101",32.727875,-117.171287,2,1
"394","RakiRaki Ramen & Tsukemen","+18585732400",FALSE,4,3797.91705414009,2268,"$$","San Diego","CA","92101",32.727875,-117.171287,2,1
"395","Garlic Shack","+16195514398",FALSE,4,8895.88620946413,430,"$$","San Diego","CA","92101",32.727875,-117.171287,2,1
"396","Iron Pig Alehouse","+18584124299",FALSE,4.5,8302.0946533857,797,"$$","San Diego","CA","92101",32.727875,-117.171287,2,1
"397","The Smoking Goat","+16199555295",FALSE,4,5909.70304973251,1084,"$$","San Diego","CA","92101",32.727875,-117.171287,2,1
"398","Handoo Korean Bbq","+18585650403",FALSE,4,3870.83075171278,18,"$$","San Diego","CA","92101",32.727875,-117.171287,2,1
"399","Hundred Proof","+16195016404",FALSE,4.5,4223.42544806406,119,"$$","San Diego","CA","92101",32.727875,-117.171287,2,1
"400","Tajima Ramen House","+18585767244",FALSE,4,3887.67509969051,3406,"$$","San Diego","CA","92101",32.727875,-117.171287,2,1
"401","Chombos","+19726855963",FALSE,5,3971.34431855632,2,"$$","Dallas","TX","75206",32.81371,-96.77057,2,1
"402","rise n°1","+12143669900",FALSE,4.5,2209.76182766423,871,"$$","Dallas","TX","75206",32.81371,-96.77057,2,1
"403","The Porch","+12148282916",FALSE,4,2522.5356568603,1025,"$$","Dallas","TX","75206",32.81371,-96.77057,2,1
"404","Frank","+12149973306",FALSE,5,6327.10632767223,159,"$$","Dallas","TX","75206",32.81371,-96.77057,2,1
"405","Pecan Lodge","+12147488900",FALSE,4.5,6358.8541890386,2779,"$$","Dallas","TX","75206",32.81371,-96.77057,2,1
"406","Meso Maya Comida Y Copas","+12144846555",FALSE,4.5,5719.08824349142,1314,"$$","Dallas","TX","75206",32.81371,-96.77057,2,1
"407","Ellen's","+14692063339",FALSE,4,6388.86616783983,1550,"$$","Dallas","TX","75206",32.81371,-96.77057,2,1
"408","Uncle Uber's","+12146538237",FALSE,4.5,6390.52217532022,945,"$$","Dallas","TX","75206",32.81371,-96.77057,2,1
"409","Rodeo Goat","+12147414628",FALSE,4.5,5147.94581791054,1047,"$$","Dallas","TX","75206",32.81371,-96.77057,2,1
"410","Hello Dumpling","+14697791551",FALSE,4.5,9698.07044543089,90,"$$","Dallas","TX","75206",32.81371,-96.77057,2,1
"411","Hudson House","+12145832255",FALSE,4.5,1728.39670000725,61,"$$","Dallas","TX","75206",32.81371,-96.77057,2,1
"412","Melted","+12148880154",FALSE,5,8187.20553081991,22,"$$","Dallas","TX","75206",32.81371,-96.77057,2,1
"413","Meddlesome Moth","+12146287900",FALSE,4,5045.33522053582,1540,"$$","Dallas","TX","75206",32.81371,-96.77057,2,1
"414","Arepa TX","+12143968866",FALSE,4.5,6177.0901573417,34,"$$","Dallas","TX","75206",32.81371,-96.77057,2,1
"415","Maple Leaf Diner","+12144341626",FALSE,4.5,9379.92814896349,852,"$$","Dallas","TX","75206",32.81371,-96.77057,2,1
"416","Don Chingon","+14692507259",FALSE,3.5,3721.15448622124,37,"$$","Dallas","TX","75206",32.81371,-96.77057,2,1
"417","Velvet Taco","+12148238358",FALSE,4,2394.17683872156,2051,"$$","Dallas","TX","75206",32.81371,-96.77057,2,1
"418","Maple and Motor","+12145224400",FALSE,4,3629.3109460497,1143,"$$","Dallas","TX","75206",32.81371,-96.77057,2,1
"419","Sachet","+12146136425",FALSE,4,1960.34094232637,28,"$$","Dallas","TX","75206",32.81371,-96.77057,2,1
"420","Nazca Kitchen","+12146962922",FALSE,4.5,5644.33790627768,653,"$$","Dallas","TX","75206",32.81371,-96.77057,2,1
"421","CBD Provisions","+12142614500",FALSE,4,6504.51576599801,670,"$$","Dallas","TX","75206",32.81371,-96.77057,2,1
"422","El Vecino","+14698026060",FALSE,4.5,8386.7977586165,35,"$$","Dallas","TX","75206",32.81371,-96.77057,2,1
"423","Hopdoddy Burger Bar","+12143632337",FALSE,4.5,2774.31015125394,1045,"$$","Dallas","TX","75206",32.81371,-96.77057,2,1
"424","Gemma","+12143709426",FALSE,4.5,3507.85929980129,337,"$$","Dallas","TX","75206",32.81371,-96.77057,2,1
"425","Hattie's Restaurant","+12149427400",FALSE,4,10361.6624944209,712,"$$","Dallas","TX","75206",32.81371,-96.77057,2,1
"426","Wheelhouse","+12143075690",FALSE,4,5177.90380222824,122,"$$","Dallas","TX","75206",32.81371,-96.77057,2,1
"427","HG Sply Co - Dallas","+14693340895",FALSE,4,3973.48721173695,1112,"$$","Dallas","TX","75206",32.81371,-96.77057,2,1
"428","Crushcraft Thai Street Eats","+19726777038",FALSE,4,4469.19956477763,755,"$$","Dallas","TX","75206",32.81371,-96.77057,2,1
"429","Moxie's Grill & Bar","+14696870050",FALSE,4,5021.71579046696,183,"$$","Dallas","TX","75206",32.81371,-96.77057,2,1
"430","LUCK at Trinity Groves","+14692500679",FALSE,4,7158.03929197283,564,"$$","Dallas","TX","75206",32.81371,-96.77057,2,1
"431","Hide","+12143968050",FALSE,4.5,6279.07979602731,125,"$$","Dallas","TX","75206",32.81371,-96.77057,2,1
"432","Public School 214","+12145996234",FALSE,4,3501.3015484555,684,"$$","Dallas","TX","75206",32.81371,-96.77057,2,1
"433","Texas Spice","+12147446664",FALSE,4,7034.96377322328,270,"$$","Dallas","TX","75206",32.81371,-96.77057,2,1
"434","Blind Butcher","+12148870000",FALSE,4,3946.24460854315,410,"$$","Dallas","TX","75206",32.81371,-96.77057,2,1
"435","Victor Tangos","+12142528595",FALSE,4,2418.16395824078,782,"$$","Dallas","TX","75206",32.81371,-96.77057,2,1
"436","Asian Mint","+12149041055",FALSE,4.5,2186.46710929914,8,"$$","Dallas","TX","75206",32.81371,-96.77057,2,1
"437","Mezze","+12147749162",FALSE,4.5,2350.99730988568,58,"$$","Dallas","TX","75206",32.81371,-96.77057,2,1
"438","Harwood Tavern","+14698997904",FALSE,4,6622.87945861276,12,"$$","Dallas","TX","75206",32.81371,-96.77057,2,1
"439","Medina Oven & Bar","+12149790003",FALSE,4.5,5965.91754119593,422,"$$","Dallas","TX","75206",32.81371,-96.77057,2,1
"440","Flower Child","+12142315367",FALSE,4.5,2186.46710929914,229,"$$","Dallas","TX","75206",32.81371,-96.77057,2,1
"441","Crickles and Co","+12143069568",FALSE,4.5,3236.68718608983,63,"$$","Dallas","TX","75206",32.81371,-96.77057,2,1
"442","Stock & Barrel","+12148880150",FALSE,4,10293.024874866,346,"$$","Dallas","TX","75206",32.81371,-96.77057,2,1
"443","Town Hearth","+12147611617",FALSE,4.5,5544.02982205748,158,"$$","Dallas","TX","75206",32.81371,-96.77057,2,1
"444","Celebration","+12143515681",FALSE,4,3363.67140062976,406,"$$","Dallas","TX","75206",32.81371,-96.77057,2,1
"445","Niwa Japanese BBQ","+12147416492",FALSE,4.5,6321.70660025887,160,"$$","Dallas","TX","75206",32.81371,-96.77057,2,1
"446","The Woolworth","+12148140588",FALSE,4,6420.42251452752,508,"$$","Dallas","TX","75206",32.81371,-96.77057,2,1
"447","Dallas Grilled Cheese Co","+12149445515",FALSE,4,10370.7511622477,472,"$$","Dallas","TX","75206",32.81371,-96.77057,2,1
"448","The Honor Bar","+12147800956",FALSE,4,703.21213536966,78,"$$","Dallas","TX","75206",32.81371,-96.77057,2,1
"449","Jimmy's Food Store","+12148236180",FALSE,4.5,4623.39922618633,684,"$$","Dallas","TX","75206",32.81371,-96.77057,2,1
"450","Rapscallion","+14692915660",FALSE,4,3851.58268369408,300,"$$","Dallas","TX","75206",32.81371,-96.77057,2,1
"451","Pot Belly Ramen","+16692843926",FALSE,4.5,6358.0100177883,75,"$$","San Jose","CA","95133",37.37286,-121.87316,2,1
"452","Project Pasta","+14087536623",FALSE,4.5,8260.28062266384,30,"$$","San Jose","CA","95133",37.37286,-121.87316,2,1
"453","Braise","+14082942919",FALSE,4,1720.09994268926,66,"$$","San Jose","CA","95133",37.37286,-121.87316,2,1
"454","TAOB Pit Stop","+16692347377",FALSE,4.5,8718.38715230456,194,"$$","San Jose","CA","95133",37.37286,-121.87316,2,1
"455","The Table","+14086387911",FALSE,4,1703.89568394709,2121,"$$","San Jose","CA","95133",37.37286,-121.87316,2,1
"456","Back A Yard","+14082948626",FALSE,4,2348.19155788343,1584,"$$","San Jose","CA","95133",37.37286,-121.87316,2,1
"457","Firehouse No.1 Gastropub","+14082876969",FALSE,4,2338.64690416725,1186,"$$","San Jose","CA","95133",37.37286,-121.87316,2,1
"458","Smoking Pig BBQ","+14083804784",FALSE,4,4967.44351794689,2419,"$$","San Jose","CA","95133",37.37286,-121.87316,2,1
"459","Gen Korean BBQ House","+14084772773",FALSE,4,7867.23679824893,4661,"$$","San Jose","CA","95133",37.37286,-121.87316,2,1
"460","Alma Jacksons","+15104918628",FALSE,5,2198.30624298831,4,"$$","San Jose","CA","95133",37.37286,-121.87316,2,1
"461","Uproar Brewing Company","+14086732266",FALSE,4,1426.7220188639,112,"$$","San Jose","CA","95133",37.37286,-121.87316,2,1
"462","Our House","+14083724135",FALSE,4.5,1780.98182560541,211,"$$","San Jose","CA","95133",37.37286,-121.87316,2,1
"463","The Cider Junction","+16692342751",FALSE,4.5,1155.29714221205,46,"$$","San Jose","CA","95133",37.37286,-121.87316,2,1
"464","Souvlaki's Greek Skewers","+14082891452",FALSE,4.5,819.958434203308,772,"$$","San Jose","CA","95133",37.37286,-121.87316,2,1
"465","Chavelas Restaurant","+14085648470",FALSE,4.5,800.139358512286,129,"$$","San Jose","CA","95133",37.37286,-121.87316,2,1
"466","Paper Plane","+14087132625",FALSE,4,2096.5403835125,943,"$$","San Jose","CA","95133",37.37286,-121.87316,2,1
"467","The City Fish","+14082933474",FALSE,4.5,2253.13961592273,715,"$$","San Jose","CA","95133",37.37286,-121.87316,2,1
"468","Sushi Arashi","+14088586669",FALSE,4.5,1724.19600283139,21,"$$","San Jose","CA","95133",37.37286,-121.87316,2,1
"469","Poke House","+14088094625",FALSE,4.5,6555.5088582776,45,"$$","San Jose","CA","95133",37.37286,-121.87316,2,1
"470","HOM Korean Kitchen","+14087034777",FALSE,4,2272.53591815668,538,"$$","San Jose","CA","95133",37.37286,-121.87316,2,1
"471","1st St Food","+14086425270",FALSE,4.5,1530.48352914133,13,"$$","San Jose","CA","95133",37.37286,-121.87316,2,1
"472","Hokkaido Ramen Santouka","+14084461101",FALSE,4,8212.13081557492,2683,"$$","San Jose","CA","95133",37.37286,-121.87316,2,1
"473","Poki Spot","+14088264058",FALSE,4.5,6079.02481619311,56,"$$","San Jose","CA","95133",37.37286,-121.87316,2,1
"474","Danbi Korean Restaurant","+16692925595",FALSE,4.5,4760.04995849526,214,"$$","San Jose","CA","95133",37.37286,-121.87316,2,1
"475","Bertucelli's La Villa","+14082957851",FALSE,4.5,1779.83272208366,916,"$$","San Jose","CA","95133",37.37286,-121.87316,2,1
"476","KoJa Kitchen","+14084365010",FALSE,4,7489.40532294828,1068,"$$","San Jose","CA","95133",37.37286,-121.87316,2,1
"477","SJ Omogari Korean Restaurant","+14082888134",FALSE,4,3662.37620139189,1913,"$$","San Jose","CA","95133",37.37286,-121.87316,2,1
"478","Back A Yard","+14089606330",FALSE,4.5,5695.83021566432,84,"$$","San Jose","CA","95133",37.37286,-121.87316,2,1
"479","The Breakfast Club","+14085647150",FALSE,4,2674.57125953149,681,"$$","San Jose","CA","95133",37.37286,-121.87316,2,1
"480","Ludwigs German Table","+14087719871",FALSE,4.5,2743.57497094499,276,"$$","San Jose","CA","95133",37.37286,-121.87316,2,1
"481","District San Jose","+16692925252",FALSE,4,2324.46085434548,48,"$$","San Jose","CA","95133",37.37286,-121.87316,2,1
"482","Claw Shack","+14086496741",FALSE,4.5,6345.18261367177,884,"$$","San Jose","CA","95133",37.37286,-121.87316,2,1
"483","Élyse Restaurant","+14088992762",FALSE,4.5,1924.52979921125,26,"$$","San Jose","CA","95133",37.37286,-121.87316,2,1
"484","House of Pho","+14084408531",FALSE,4.5,6886.70789689262,8,"$$","San Jose","CA","95133",37.37286,-121.87316,2,1
"485","Poke Paradise","+14083201930",FALSE,4.5,7948.23915179822,206,"$$","San Jose","CA","95133",37.37286,-121.87316,2,1
"486","Bun Bo Hue An Nam","+14089931755",FALSE,4,2745.26632162391,1547,"$$","San Jose","CA","95133",37.37286,-121.87316,2,1
"487","Bonchon Chicken - Silver Creek","+16692343828",FALSE,3,5793.25010461274,274,"$$","San Jose","CA","95133",37.37286,-121.87316,2,1
"488","Nemea Greek Taverna","+14082794225",FALSE,4,2034.09588778326,621,"$$","San Jose","CA","95133",37.37286,-121.87316,2,1
"489","Sweet Mango","+14082932268",FALSE,4,1540.67924811374,828,"$$","San Jose","CA","95133",37.37286,-121.87316,2,1
"490","Vn Grill","+14084417900",FALSE,4.5,7500.12940691103,690,"$$","San Jose","CA","95133",37.37286,-121.87316,2,1
"491","Luna Mexican Kitchen","+14083202654",FALSE,4,3294.5931703369,320,"$$","San Jose","CA","95133",37.37286,-121.87316,2,1
"492","Nick The Greek","+14082946425",FALSE,4,2191.23088718222,606,"$$","San Jose","CA","95133",37.37286,-121.87316,2,1
"493","Paesano Ristorante Italiano","+14082179327",FALSE,4,2497.50707468617,727,"$$","San Jose","CA","95133",37.37286,-121.87316,2,1
"494","Q Pot Korean BBQ & Hot Pot","+16692343095",FALSE,4,6574.7611759195,1170,"$$","San Jose","CA","95133",37.37286,-121.87316,2,1
"495","Dish n Dash","+14085771995",FALSE,4,8432.3275638869,190,"$$","San Jose","CA","95133",37.37286,-121.87316,2,1
"496","California Wet Burrito","+16692303030",FALSE,4,1822.75280068864,34,"$$","San Jose","CA","95133",37.37286,-121.87316,2,1
"497","SEIKI Ramen","+14087677393",FALSE,4,9845.36467013966,241,"$$","San Jose","CA","95133",37.37286,-121.87316,2,1
"498","Cha Cha Sushi","+14082652416",FALSE,4,5336.61015734079,2811,"$$","San Jose","CA","95133",37.37286,-121.87316,2,1
"499","ADEGA Restaurant","+14089269075",FALSE,4,4506.79822355684,316,"$$","San Jose","CA","95133",37.37286,-121.87316,2,1
"500","Tasty Pot","+14082888838",FALSE,4,3265.8927886688,699,"$$","San Jose","CA","95133",37.37286,-121.87316,2,1
